{
  "baseline_logistic": {
    "roc_auc": 0.45282166126108486,
    "pr_auc": 0.2517865128202692,
    "brier": 0.26842791371825714
  },
  "hgb_calibrated": {
    "roc_auc": 0.7789231346609806,
    "pr_auc": 0.579930266461265,
    "brier": 0.1696974870105481
  }
}