decile,tasa_exceso,n
0,0.0012610340479192938,793
1,0.010243277848911651,781
2,0.030729833546734954,781
3,0.07525510204081633,784
4,0.10955414012738854,785
5,0.1826309067688378,783
6,0.27054361567635904,791
7,0.39054726368159204,804
8,0.8163001293661061,773
9,0.9974025974025974,770
