{
  "baseline_logistic": {
    "roc_auc": 0.5468006977555974,
    "pr_auc": 0.3315774131214654,
    "brier": 0.24722908889521472
  },
  "hgb_calibrated": {
    "roc_auc": 0.9190555979086408,
    "pr_auc": 0.8671075414123228,
    "brier": 0.09269033896308951
  }
}